Keyword,Clicks,$ Invoiced,$ Received
american structural engineers,1.0,0.0,0.0
architect,80.0,0.0,0.0
architect cost,2.0,0.0,0.0
architects near me,2.0,0.0,0.0
architectural engineering,1.0,0.0,0.0
best structural engineer,7.0,3100.0,1500.0
best structural engineering firms,1.0,0.0,0.0
building structural engineer,1.0,550.0,550.0
civil structural engineer,16.0,5150.0,1500.0
commercial structural engineer near me,2.0,400.0,0.0
find a structural engineer,5.0,4300.0,400.0
forensic structural engineer,8.0,12110.0,500.0
foundation cracks,89.0,31600.0,7950.0
foundation engineer inspection,37.0,6800.0,1750.0
foundation engineering,236.0,34300.0,11200.0
foundation structural engineer,18.0,12600.0,1800.0
freelance structural engineer,3.0,400.0,0.0
home inspection,33.0,0.0,0.0
home inspection class,8.0,0.0,0.0
home inspection company,1.0,0.0,0.0
home inspection engineers,19.0,7350.0,3250.0
home inspection services,1.0,0.0,0.0
home inspector,30.0,0.0,0.0
home inspectors near me,4.0,0.0,0.0
home plan designers,1.0,0.0,0.0
home structural engineer,16.0,4250.0,950.0
house inspection,7.0,0.0,0.0
house structure inspection,2.0,0.0,0.0
how do i get a home inspection,1.0,0.0,0.0
i need a structural engineer,1.0,0.0,0.0
independent structural engineer,2.0,850.0,450.0
licensed structural engineer,14.0,4650.0,1900.0
licensed structural engineer near me,2.0,0.0,0.0
local architect,2.0,0.0,0.0
local structural engineer,2.0,1100.0,550.0
local structural engineer near me,6.0,0.0,0.0
nearby interior designer,2.0,0.0,0.0
pe civil structural,3.0,1350.0,0.0
professional structural engineer,8.0,550.0,0.0
qualified structural engineer,1.0,1350.0,0.0
resident engineer,17.0,68194.0,3900.0
residential architect,1.0,0.0,0.0
residential architects near me,2.0,0.0,0.0
residential construction engineer,7.0,3650.0,2050.0
residential design build,1.0,0.0,0.0
residential engineer near me,20.0,4450.0,900.0
residential foundation engineer,7.0,4950.0,450.0
residential structural engineer,46.0,22410.0,3200.0
residential structural engineer inspection,4.0,0.0,0.0
residential structural engineer inspection near me,9.0,950.0,950.0
residential structural engineer near me,23.0,11200.0,2150.0
residential structural inspection,8.0,5700.0,3100.0
small structural engineering firms,2.0,0.0,0.0
steel structural engineer,4.0,2300.0,900.0
str engineering,2.0,0.0,0.0
structural analysis engineer,2.0,450.0,0.0
structural analysis services,2.0,950.0,950.0
structural building engineer,2.0,0.0,0.0
structural calculations,8.0,400.0,0.0
structural contractors,7.0,3150.0,400.0
structural design,81.0,15350.0,4200.0
structural design companies,2.0,400.0,0.0
structural design consultants,1.0,0.0,0.0
structural design engineer,9.0,1750.0,0.0
structural engineer,2649.0,213804.0,43100.0
structural engineer calculations,1.0,0.0,0.0
structural engineer costs,5.0,3200.0,1850.0
structural engineer fees,4.0,1850.0,550.0
structural engineer home inspection,8.0,68494.0,4650.0
structural engineer house inspection cost,1.0,0.0,0.0
structural engineer inspection,74.0,32852.5,7950.0
structural engineer inspection cost,12.0,12860.0,1300.0
structural engineer inspection near me,4.0,15410.0,3050.0
structural engineer near me,114.0,39100.0,12650.0
structural engineering companies,25.0,72944.0,3400.0
structural engineering consulting firms,1.0,1450.0,500.0
structural engineering firms,28.0,3050.0,1000.0
structural engineering firms near me,1.0,0.0,0.0
structural engineering services,10.0,2750.0,900.0
structural engineering services near me,2.0,400.0,0.0
structural engineers in my area,6.0,2100.0,0.0
structural firm,4.0,3950.0,1350.0
structural home inspection,9.0,65244.0,2450.0
structural inspection,111.0,85444.0,8750.0
structural inspection cost,2.0,0.0,0.0
structural inspection near me,3.0,0.0,0.0
top structural engineering firms,6.0,1200.0,0.0
what is checked in a home inspection,2.0,0.0,0.0
wind inspection,7.0,550.0,0.0
windstorm inspection,182.0,26000.0,6550.0
