Keyword,Clicks,$ Invoiced,$ Received
american structural engineers,1,0,0
architect,80,0,0
architect cost,2,0,0
architects near me,2,0,0
architectural engineering,1,0,0
best structural engineer,7,3100,1500
best structural engineering firms,1,0,0
building structural engineer,1,550,550
civil structural engineer,16,5150,1500
commercial structural engineer near me,2,400,0
find a structural engineer,5,4300,400
forensic structural engineer,8,12110,500
foundation cracks,89,31600,7950
foundation engineer inspection,37,6800,1750
foundation engineering,236,34300,11200
foundation structural engineer,18,12600,1800
freelance structural engineer,3,400,0
home inspection,33,0,0
home inspection class,8,0,0
home inspection company,1,0,0
home inspection engineers,19,7350,3250
home inspection services,1,0,0
home inspector,30,0,0
home inspectors near me,4,0,0
home plan designers,1,0,0
home structural engineer,16,4250,950
house inspection,7,0,0
house structure inspection,2,0,0
how do i get a home inspection,1,0,0
i need a structural engineer,1,0,0
independent structural engineer,2,850,450
licensed structural engineer,14,4650,1900
licensed structural engineer near me,2,0,0
local architect,2,0,0
local structural engineer,2,1100,550
local structural engineer near me,6,0,0
nearby interior designer,2,0,0
pe civil structural,3,1350,0
professional structural engineer,8,550,0
qualified structural engineer,1,1350,0
resident engineer,17,68194,3900
residential architect,1,0,0
residential architects near me,2,0,0
residential construction engineer,7,3650,2050
residential design build,1,0,0
residential engineer near me,20,4450,900
residential foundation engineer,7,4950,450
residential structural engineer,46,22410,3200
residential structural engineer inspection,4,0,0
residential structural engineer inspection near me,9,950,950
residential structural engineer near me,23,11200,2150
residential structural inspection,8,5700,3100
small structural engineering firms,2,0,0
steel structural engineer,4,2300,900
str engineering,2,0,0
structural analysis engineer,2,450,0
structural analysis services,2,950,950
structural building engineer,2,0,0
structural calculations,8,400,0
structural contractors,7,3150,400
structural design,81,15350,4200
structural design companies,2,400,0
structural design consultants,1,0,0
structural design engineer,9,1750,0
structural engineer,2649,213804,43100
structural engineer calculations,1,0,0
structural engineer costs,5,3200,1850
structural engineer fees,4,1850,550
structural engineer home inspection,8,68494,4650
structural engineer house inspection cost,1,0,0
structural engineer inspection,74,32852.5,7950
structural engineer inspection cost,12,12860,1300
structural engineer inspection near me,4,15410,3050
structural engineer near me,114,39100,12650
structural engineering companies,25,72944,3400
structural engineering consulting firms,1,1450,500
structural engineering firms,28,3050,1000
structural engineering firms near me,1,0,0
structural engineering services,10,2750,900
structural engineering services near me,2,400,0
structural engineers in my area,6,2100,0
structural firm,4,3950,1350
structural home inspection,9,65244,2450
structural inspection,111,85444,8750
structural inspection cost,2,0,0
structural inspection near me,3,0,0
top structural engineering firms,6,1200,0
what is checked in a home inspection,2,0,0
wind inspection,7,550,0
windstorm inspection,182,26000,6550